Model,Model_size_GB,Inference_Time_ms,BLEU_Score,Fact_Checking_Score_(0-100),TOPSIS_Score,Rank
T5-base,0.7,1.5,37.4,85,0.9202793570871867,1.0
GPT-2,1.5,0.8,35.8,75,0.4585187623569909,2.0
BLOOM,3.9,2.1,42.1,82,0.14915920596502125,4.0
Bart Large,3.0,2.5,40.3,83,0.20217296064102103,3.0
Jurassic-1 Jumbo,18.6,3.8,44.2,88,0.006170728388415637,5.0
